Atomic Ratio_sum,Atomic Ratio_max,Atomic Ratio_min,Atomic Ratio_diff,Atomic Number_sum,Atomic Number_max,Atomic Number_min,Atomic Number_diff,Atomic Weight_sum,Atomic Weight_max,Atomic Weight_min,Atomic Weight_diff,Atomic Radius_sum,Atomic Radius_max,Atomic Radius_min,Atomic Radius_diff,EN pauling_sum,EN pauling_max,EN pauling_min,EN pauling_diff,Valence Electron_sum,Valence Electron_max,Valence Electron_min,Valence Electron_diff,Ionization Energy_sum,Ionization Energy_max,Ionization Energy_min,Ionization Energy_diff,ARW_Atomic Number_sum,ARW_Atomic Number_max,ARW_Atomic Number_min,ARW_Atomic Number_diff,ARW_Atomic Weight_sum,ARW_Atomic Weight_max,ARW_Atomic Weight_min,ARW_Atomic Weight_diff,ARW_Atomic Radius_sum,ARW_Atomic Radius_max,ARW_Atomic Radius_min,ARW_Atomic Radius_diff,ARW_EN pauling_sum,ARW_EN pauling_max,ARW_EN pauling_min,ARW_EN pauling_diff,ARW_Valence Electron_sum,ARW_Valence Electron_max,ARW_Valence Electron_min,ARW_Valence Electron_diff,ARW_Ionization Energy_sum,ARW_Ionization Energy_max,ARW_Ionization Energy_min,ARW_Ionization Energy_diff,Excitation source (nm),Thermal quenching temp. (K),Formula
42,26,0.06,25.94,170,65,8,57,395.05135,158.92535,15.999,142.92635,710,185,60,125,6.34,3.44,0,3.44,16,6,2,4,39.4170772,13.618054,5.670385,7.947669,851.88,516.1,3.78,512.32,1935.625119,1261.867279,9.11784,1252.749439,3980.6,1560,11.1,1548.9,102.84,89.44,0,89.44,200,156,0.12,155.88,462.1046075,354.069404,0.3402231,353.7291809,238,563,Ca2Tb7.94Si6O26Eu0.06
45,28,0.4,27.6,163,63,8,55,377.920232,151.964,15.999,135.965,720,195,60,135,7.73,3.44,0,3.44,18,6,2,4,41.4651802,13.618054,5.5769,8.041154,569.6,224,22.8,201.2,1172.230922,447.972,55.562188,392.409812,4189,1680,78,1602,121.09,96.32,0,96.32,223.4,168,1.2,166.8,515.3637018,381.305512,2.23076,379.074752,261,470,Ca9La0.4P7O28Eu0.6
17.05,9,0.05,8.95,160,63,8,55,372.4733,151.964,15.999,135.965,790,220,60,160,7.05,3.44,0,3.44,15,6,1,5,36.99244954,13.618054,4.34066354,9.27739046,249.15,76,3.15,72.85,529.5644,156.3932,7.5982,148.795,1974.25,880,9.25,870.75,40.83,30.96,0,30.96,72.1,54,0.1,53.9,169.8753724,122.562486,0.28351925,122.2789668,266,608,K4BaSi3O9Eu0.05
17.05,9,0.05,8.95,142,63,8,55,322.7663,151.964,15.999,135.965,775,220,60,160,7.11,3.44,0,3.44,15,6,1,5,37.47565274,13.618054,4.34066354,9.27739046,231.15,76,3.15,72.85,479.8574,156.3932,7.5982,148.795,1959.25,880,9.25,870.75,40.89,30.96,0,30.96,72.1,54,0.1,53.9,170.3585756,122.562486,0.28351925,122.2789668,266,610,K4SrSi3O9Eu0.05
10,6,0.14,5.86,187,64,8,56,438.46,157.25,15.999,141.251,700,185,60,125,7.83,3.44,0,3.44,26,12,2,10,41.660554,13.618054,5.670385,7.947669,227.86,119.04,8.82,110.22,523.00096,292.485,21.27496,271.21004,995.7,360,25.9,334.1,26.062,20.64,0,20.64,56,36,0.28,35.72,110.1631175,81.708324,0.7938539,80.9144701,270,425,Gd1.86ZnTiO6Eu0.14
19.02,12,0.02,11.98,168,83,8,75,405.0284,208.9804,15.999,192.9814,515,185,60,125,7.24,3.44,0,3.44,17,6,2,4,34.725638,13.618054,5.670385,7.947669,471.26,332,1.26,330.74,1115.20388,835.9216,3.03928,832.88232,1693.7,720,3.7,716.3,54.58,41.28,0,41.28,104.04,72,0.04,71.96,217.1271687,163.416648,0.1134077,163.3032403,273,420,Bi4Si3O12Eu0.02
9,6,0.26,5.74,184,74,8,66,440.70884,183.84,15.999,167.841,560,185,60,125,6.36,3.44,0,3.44,17,6,2,4,33.369729,13.618054,5.670385,7.947669,206.24,74,16.38,57.62,474.0408016,183.84,39.51064,144.32936,856.3,360,48.1,311.9,24.4628,20.64,0,20.64,47.74,36,0.52,35.48,101.8646865,81.708324,1.4743001,80.2340239,275,435,Y1.74WO6Eu0.26
6,4,0.08,3.92,207,74,8,66,487.831,183.84,15.999,167.841,705,185,60,125,8.3,3.44,0,3.44,22,6,2,4,40.3580542,13.618054,5.670385,7.947669,110.24,32,5.04,26.96,244.13088,73.536,12.15712,61.37888,561.4,240,14.8,225.2,16.656,13.76,0,13.76,32,24,0.16,23.84,67.95101958,54.472216,0.4536308,54.0185852,280,435,Ca0.92W0.4Mo0.6O4Eu0.08
6.08,4,0.08,3.92,207,74,8,66,487.831,183.84,15.999,167.841,705,185,60,125,8.3,3.44,0,3.44,22,6,2,4,40.3580542,13.618054,5.670385,7.947669,111.84,32,5.04,26.96,247.33712,73.536,12.15712,61.37888,575.8,240,14.8,225.2,16.736,13.76,0,13.76,32.16,24,0.16,23.84,68.440072,54.472216,0.4536308,54.0185852,280,440,CaW0.4Mo0.6O4Eu0.08
7,4,0.3,3.7,168,64,8,56,396.0697693,157.25,15.999,141.251,745,185,60,125,7.11,3.44,0,3.44,15,6,1,5,37.4054317,13.618054,5.1390767,8.4789773,128.7,44.8,11,33.8,290.5169693,110.075,22.98976928,87.08523072,741.5,240,55.5,184.5,17.07,13.76,0,13.76,31,24,0.6,23.4,72.4453854,54.472216,1.7011155,52.7711005,287,465,NaGd0.7TiO4Eu0.3
14.08,8,0.08,7.92,202,71,8,63,479.3391,174.9668,15.999,158.9678,790,235,60,175,6.89,3.44,0,3.44,16,6,1,5,35.637625,13.618054,4.177128,9.440926,297.04,111,5.04,105.96,673.40232,256.4034,12.15712,244.24628,1644.8,705,14.8,690.2,34.24,27.52,0,27.52,63.16,48,0.16,47.84,140.8476918,108.944432,0.4536308,108.4908012,320,460,Rb3LuV2O8Eu0.08
14.2,8,0.2,7.8,202,71,8,63,479.3391,174.9668,15.999,158.9678,790,235,60,175,6.89,3.44,0,3.44,16,6,1,5,35.637625,13.618054,4.177128,9.440926,304.6,111,12.6,98.4,691.638,256.4034,30.3928,226.0106,1667,705,37,668,34.24,27.52,0,27.52,63.4,48,0.4,47.6,141.528138,108.944432,1.134077,107.810355,320,485,Rb3LuV2O8Eu0.2
20,12,0.1,11.9,206,63,8,55,476.5370013,151.964,15.999,135.965,1030,200,60,140,10.51,3.44,0,3.44,23,6,1,5,54.3376519,13.618054,5.1390767,8.4789773,324.5,110.2,6.3,103.9,713.2101633,254.098,15.1964,238.9016,2003.5,720,18.5,701.5,52.345,41.28,0,41.28,96,72,0.2,71.8,220.3398331,163.416648,0.5670385,162.8496095,325,432,Sr2.9LaNaP2SiO12Eu0.1
10.98,4,0.01,3.99,112,63,7,56,250.133,151.964,14.007,137.957,600,185,60,125,9.38,3.44,0,3.44,19,6,2,4,48.0874072,14.53413,5.670385,8.863745,134.03,59.4,0.63,58.77,268.7313,119.03166,1.51964,117.51202,1126.45,534.6,1.85,532.75,26.61,13.76,0,13.76,47.96,24,0.02,23.98,118.0566168,54.472216,0.05670385,54.41551215,330,478,Ca2.97Si2O4N2Eu0.01
7.03,4,0.03,3.97,145,63,4,59,342.3871831,151.964,9.0121831,142.9518169,675,215,60,155,7.8,3.44,0,3.44,16,6,2,4,41.974485,13.618054,5.211664,8.40639,107.89,56,1.89,54.11,242.9791031,137.327,4.55892,132.76808,675.55,240,5.55,234.45,18.12,13.76,0,13.76,32.06,24,0.06,23.94,77.32837355,54.472216,0.17011155,54.30210445,337,483,BaBeSiO4Eu0.03
42.08,24,0.08,23.92,194,63,8,55,441.455232,151.964,15.999,135.965,930,195,60,135,12.79,3.44,0,3.44,29,7,2,5,62.5844932,13.618054,5.5769,8.041154,557.04,192,5.04,186.96,1149.5944,383.976,12.15712,371.81888,4079.8,1620,14.8,1605.2,111.83,82.56,0,82.56,208.16,144,0.16,143.84,474.4025966,326.833296,0.4536308,326.3796652,345,418,Ca9LaP5SiO24Cl2Eu0.08
45.64,28,0.01,27.99,150,63,8,55,333.051106,151.964,15.999,135.965,885,220,60,160,9,3.44,0,3.44,23,7,1,6,47.66296174,13.618054,4.34066354,9.27739046,541.38,224,0.63,223.37,1091.803215,447.972,1.51964,446.45236,4334.05,1728,1.85,1726.15,122.1165,96.32,0,96.32,223.43,168,0.02,167.98,518.0189919,381.305512,0.05670385,381.2488082,347,543,Ca9.6KP7O28Eu0.01Mn0.03
21.01,12,0.01,11.99,189,63,8,55,441.2792432,151.964,15.999,135.965,800,215,50,165,11.43,3.98,0,3.98,24,7,2,5,56.291866,17.42282,5.211664,12.211156,376.63,117,0.63,116.37,838.1325632,274.654,1.51964,273.13436,2071.85,720,1.85,718.15,56.4,41.28,0,41.28,104.02,72,0.02,71.98,234.4263289,163.416648,0.05670385,163.3599442,350,370,Ba2Y3Si3O12FEu0.01
7,4,0.05,3.95,145,63,3,60,343.203762,151.964,6.94,145.024,705,215,60,155,7.5,3.44,0,3.44,16,6,1,5,40.37850376,13.618054,5.211664,8.40639,106.35,53.2,3,50.2,239.968612,130.46065,6.94,123.52065,698.5,240,9.25,230.75,17.7755,13.76,0,13.76,32,24,0.1,23.9,75.58521681,54.472216,0.28351925,54.18869675,350,433,LiBa0.95PO4Eu0.05
44.6,28,0.01,27.99,195,64,8,56,451.202806,157.25,15.999,141.251,845,185,60,125,9.38,3.44,0,3.44,24,7,2,5,49.4720942,13.618054,5.670385,7.947669,565.63,224,0.63,223.37,1168.422396,447.972,1.51964,446.45236,4106.45,1680,1.85,1678.15,121.462,96.32,0,96.32,222.4,168,0.02,167.98,513.4836515,381.305512,0.05670385,381.2488082,355,445,Ca8.55GdP7O28Eu0.01Mn0.04
13,5,0.08,4.92,200,63,7,56,463.2693785,151.964,14.007,137.957,940,215,60,155,12.1,3.44,0,3.44,25,6,2,4,59.3889444,14.53413,5.211664,9.322466,200.56,51.52,5.04,46.48,439.569877,126.34084,12.15712,114.18372,1307.6,325,14.8,310.2,31.1388,15.2,0,15.2,56,25,0.16,24.84,139.6472825,72.67065,0.4536308,72.2170192,359,433,Ba0.92YSi2Al2O2N5Eu0.08
8.7,6,0.3,5.7,177,64,8,56,421.163,157.25,15.999,141.251,570,185,60,125,6.8,3.44,0,3.44,16,6,2,4,32.530665,13.618054,5.670385,7.947669,198.5,89.6,18.9,70.7,457.6832,220.15,45.5892,174.5608,812.5,360,55.5,304.5,24.48,20.64,0,20.64,45.4,36,0.6,35.4,99.1115839,81.708324,1.7011155,80.0072085,360,380,Gd1.4MoO6Eu0.3
9.3,6,0.3,5.7,177,64,8,56,421.163,157.25,15.999,141.251,570,185,60,125,6.8,3.44,0,3.44,16,6,2,4,32.530665,13.618054,5.670385,7.947669,236.9,128,18.9,109.1,552.0332,314.5,45.5892,268.9108,920.5,360,55.5,304.5,25.2,20.64,0,20.64,46.6,36,0.6,35.4,102.8014615,81.708324,1.7011155,80.0072085,360,383,Gd2MoO6Eu0.3
10,6,0.09,5.91,207,74,8,66,487.831,183.84,15.999,167.841,705,185,60,125,8.3,3.44,0,3.44,22,6,2,4,40.3580542,13.618054,5.670385,7.947669,179.47,59.2,5.67,53.53,392.55974,147.072,13.67676,133.39524,1037.45,523.8,16.65,507.15,25.342,20.64,0,20.64,48,36,0.18,35.82,107.7176503,81.708324,0.51033465,81.19798935,365,355,Ca2.91Mo0.2W0.8O6Eu0.09
20,12,0.03,11.97,188,71,8,63,435.3978,174.9668,15.999,158.9678,860,185,60,125,8.65,3.44,0,3.44,18,6,2,4,46.6253832,13.618054,5.425871,8.192183,325.29,142,1.89,140.11,718.22118,349.9336,4.55892,345.37468,1880.15,720,5.55,714.45,52.57,41.28,0,41.28,94,72,0.06,71.94,220.1157811,163.416648,0.17011155,163.2465365,365,393,Lu2Ca0.97Mg2Si3O12Eu0.03
20,12,0.01,11.99,181,63,8,55,415.440062,151.964,15.999,135.965,960,220,60,160,8.34,3.44,0,3.44,18,6,1,5,45.44060774,13.618054,4.34066354,9.27739046,348.07,167.44,0.63,166.81,776.212956,410.60773,1.51964,409.08809,2064.7,720,1.85,718.15,52.3311,41.28,0,41.28,96,72,0.02,71.98,220.970104,163.416648,0.05670385,163.3599442,365,400,Ba2.99CaKP3O12Eu0.01
13,5,0.01,4.99,214,71,7,64,499.6233385,174.9668,14.007,160.9598,920,200,60,140,11.94,3.44,0,3.44,24,6,2,4,59.0807586,14.53413,5.425871,9.108259,214.25,71,0.63,70.37,475.396317,174.9668,1.51964,173.44716,1289.85,325,1.85,323.15,31.0405,15.2,0,15.2,55,25,0.02,24.98,139.3021542,72.67065,0.05670385,72.61394615,365,423,Sr0.99LuAl2Si2O2N5Eu0.01
13,8,0.01,7.99,162,63,8,55,376.341762,151.964,15.999,135.965,740,215,60,155,7.52,3.44,0,3.44,17,6,2,4,41.0999442,13.618054,5.211664,8.40639,226.43,112,0.63,111.37,505.790384,274.654,1.51964,273.13436,1290.05,480,1.85,478.15,34.67,27.52,0,27.52,64,48,0.02,47.98,146.4498595,108.944432,0.05670385,108.8877282,365,436,Ba2Ca0.99P2O8Eu0.01
28.94,18,0.02,17.98,135,63,8,55,302.2725825,151.964,15.999,135.965,770,185,60,125,9.81,3.44,0,3.44,24,7,2,5,48.5061434,13.618054,5.670385,7.947669,290.82,144,1,143,587.2633558,287.982,2.19752176,285.7844782,2421.3,1080,3.7,1076.3,80.3848,61.92,0,61.92,144.08,108,0.04,107.96,324.6121508,245.124972,0.1134077,245.0115643,365,438,Mg1.88Al4Si5O18Eu0.02Mn0.04
28.04,16,0.04,15.96,117,63,8,55,260.431,151.964,15.999,135.965,685,185,60,125,7.65,3.44,0,3.44,16,6,2,4,41.1995122,13.618054,5.670385,7.947669,338.52,140,2.52,137.48,679.25356,280.546,6.07856,274.46744,2817.4,1260,7.4,1252.6,70.95,55.04,0,55.04,128.08,96,0.08,95.92,301.1607328,217.888864,0.2268154,217.6620486,365,448,Ca7MgSi4O16Eu0.04
28.98,18,0.02,17.98,110,63,8,55,247.3345385,151.964,15.999,135.965,630,185,60,125,8.26,3.44,0,3.44,17,6,2,4,41.0721254,13.618054,5.670385,7.947669,290.78,144,1.26,142.74,587.010234,287.982,3.03928,284.94272,2427.7,1080,3.7,1076.3,80.4276,61.92,0,61.92,143.96,108,0.04,107.96,324.9264889,245.124972,0.1134077,245.0115643,365,448,Mg1.96Al4Si5O18Eu0.02
13,5,0.01,4.99,232,71,7,64,549.3303385,174.9668,14.007,160.9598,935,215,60,155,11.88,3.44,0,3.44,24,6,2,4,58.5975554,14.53413,5.211664,9.322466,232.07,71,0.63,70.37,524.606247,174.9668,1.51964,173.44716,1304.7,325,1.85,323.15,30.9811,15.2,0,15.2,55,25,0.02,24.98,138.823783,72.67065,0.05670385,72.61394615,365,461,Ba0.99LuAl2Si2O2N5Eu0.01
13.07,8,0.07,7.93,129,63,8,55,286.0973078,151.964,15.999,135.965,840,185,60,125,8.88,3.44,0,3.44,18,6,1,5,44.6781223,13.618054,5.1390767,8.4789773,139.69,64,3.74,60.26,283.4057355,127.992,7.816521555,120.1754784,1137.85,480,12.95,467.05,35.6148,27.52,0,27.52,64.14,48,0.14,47.86,144.1346412,108.944432,0.39692695,108.5475051,365,473,Na0.34Ca0.66Al1.66Si2.34O8Eu0.07
21.03,12,0.03,11.97,183,63,8,55,417.4507744,151.964,15.999,135.965,955,200,50,150,12.71,3.98,0,3.98,26,7,1,6,64.2491489,17.42282,5.1390767,12.2837433,315.89,114,1.89,112.11,683.2222184,262.86,4.55892,258.30108,2035.55,720,5.55,714.45,56.83,41.28,0,41.28,104.06,72,0.06,71.94,240.9105759,163.416648,0.17011155,163.2465365,365,480,Sr3NaYP3O12FEu0.03
45.005,28,0.005,27.995,163,63,8,55,377.920232,151.964,15.999,135.965,720,195,60,135,7.73,3.44,0,3.44,18,6,2,4,41.4651802,13.618054,5.5769,8.041154,566.315,224,0.315,223.685,1165.155624,447.972,0.75982,447.21218,4195.925,1680,0.925,1679.075,121.75,96.32,0,96.32,224.01,168,0.01,167.99,515.3359627,381.305512,0.028351925,381.2771601,365,483,Ca9LaP7O28Eu0.005
45.055,28,0.005,27.995,188,63,8,55,432.858276,151.964,15.999,135.965,860,195,60,135,9.28,3.44,0,3.44,25,7,2,5,48.8991982,13.618054,5.5769,8.041154,567.565,224,0.315,223.685,1167.902526,447.972,0.75982,447.21218,4202.925,1680,0.925,1679.075,121.8275,96.32,0,96.32,224.36,168,0.01,167.99,515.7076636,381.305512,0.028351925,381.2771601,365,483,Ca9LaP7O28Eu0.005Mn0.05
26,16,0.06,15.94,143,63,8,55,318.257806,151.964,15.999,135.965,815,185,60,125,9.49,3.44,0,3.44,24,7,2,5,50.9685332,13.618054,5.670385,7.947669,290.48,128,3.78,124.22,588.9311212,255.984,9.11784,246.86616,2347.3,960,11.1,948.9,70.742,55.04,0,55.04,129.5,96,0.12,95.88,301.0235473,217.888864,0.3402231,217.5486409,365,493,Ca2.94Mg2.7P4O16Eu0.06Mn0.3
12.03,6,0.03,5.97,213,64,5,59,508.8,157.25,10.81,146.44,825,215,60,155,10.73,3.44,0,3.44,22,7,2,5,51.915548,13.618054,5.211664,8.40639,252.89,112,1.89,110.11,589.52692,274.654,4.55892,270.09508,1245.55,430,5.55,424.45,30.86,20.64,0,20.64,55.06,36,0.06,35.94,128.0152276,81.708324,0.17011155,81.53821245,365,523,Ba2GdB2O6ClEu0.03
14.108,8,0.008,7.992,161,63,8,55,356.0408753,151.964,15.999,135.965,1065,220,60,160,9.93,3.44,0,3.44,24,7,1,6,52.80203844,13.618054,4.34066354,9.27739046,167.004,64,0.504,63.496,338.8931097,127.992,1.215712,126.776288,1455.48,480,1.48,478.52,35.805,27.52,0,27.52,64.716,48,0.016,47.984,152.4126195,108.944432,0.04536308,108.8990689,365,550,KNaCa2P2O8Eu0.008Mn0.1
26,16,0.06,15.94,118,63,8,55,263.319762,151.964,15.999,135.965,675,185,60,125,7.94,3.44,0,3.44,17,6,2,4,43.5345152,13.618054,5.670385,7.947669,286.58,128,3.78,124.22,579.741208,255.984,9.11784,246.86616,2350.3,960,11.1,948.9,70.67,55.04,0,55.04,128,96,0.12,95.88,301.0872124,217.888864,0.3402231,217.5486409,365,553,Ca2.94Mg3P4O16Eu0.06
21.15,12,0.03,11.97,208,63,8,55,472.3888184,151.964,15.999,135.965,1095,200,50,150,14.26,3.98,0,3.98,33,7,1,6,71.6831669,17.42282,5.1390767,12.2837433,318.89,114,1.89,112.11,689.8147837,262.86,4.55892,258.30108,2052.35,720,5.55,714.45,57.016,41.28,0,41.28,104.9,72,0.06,71.94,241.802658,163.416648,0.17011155,163.2465365,365,570,Sr3NaYP3O12FEu0.03Mn0.12
13,8,0.01,7.99,189,64,8,56,435.363062,157.25,15.999,141.251,925,220,60,160,8.65,3.44,0,3.44,18,6,1,5,46.37873974,13.618054,4.34066354,9.27739046,197.43,64,0.63,63.37,427.484684,157.25,1.51964,155.73036,1260.05,480,1.85,478.15,34.91,27.52,0,27.52,63,48,0.02,47.98,146.516991,108.944432,0.05670385,108.8877282,365,573,KCa0.99GdP2O8Eu0.01
20.37,12,0.02,11.98,142,63,8,55,317.278106,151.964,15.999,135.965,855,220,60,160,9.31,3.44,0,3.44,23,7,1,6,49.19604154,13.618054,4.34066354,9.27739046,218.01,96,1.26,94.74,443.4951814,191.988,3.03928,188.94872,1892.7,720,3.7,716.3,54.4525,41.28,0,41.28,98.49,72,0.04,71.96,232.5176235,163.416648,0.1134077,163.3032403,365,623,KMg4P3O12Eu0.02Mn0.35
12.03,6,0.03,5.97,220,71,5,66,526.5168,174.9668,10.81,164.1568,820,215,60,155,10.53,3.44,0,3.44,22,7,2,5,51.191623,13.618054,5.211664,8.40639,259.89,112,1.89,110.11,607.24372,274.654,4.55892,270.09508,1240.55,430,5.55,424.45,30.66,20.64,0,20.64,55.06,36,0.06,35.94,127.2913026,81.708324,0.17011155,81.53821245,365,673,Ba2LuB2O6ClEu0.03
20.045,12,0.02,11.98,120,63,3,60,269.280062,151.964,6.94,145.024,860,220,60,160,8.74,3.44,0,3.44,17,6,1,5,47.1537383,13.618054,4.34066354,9.27739046,209.335,96,0.075,95.925,424.440366,191.988,0.1735,191.8145,1847.325,720,3.625,716.375,53.9345,41.28,0,41.28,96.065,72,0.025,71.975,230.0505101,163.416648,0.1134077,163.3032403,365,723,KMg4P3O12Li0.025Eu0.02
20.01,12,0.01,11.99,117,63,8,55,262.340062,151.964,15.999,135.965,715,220,60,160,7.76,3.44,0,3.44,16,6,1,5,41.76202354,13.618054,4.34066354,9.27739046,208.63,96,0.63,95.37,422.747226,191.988,1.51964,190.46836,1841.85,720,1.85,718.15,53.91,41.28,0,41.28,96.02,72,0.02,71.98,229.8590134,163.416648,0.05670385,163.3599442,365,823,KMg4P3O12Eu0.01
20.02,12,0.02,11.98,117,63,8,55,262.340062,151.964,15.999,135.965,715,220,60,160,7.76,3.44,0,3.44,16,6,1,5,41.76202354,13.618054,4.34066354,9.27739046,209.26,96,1.26,94.74,424.266866,191.988,3.03928,188.94872,1843.7,720,3.7,716.3,53.91,41.28,0,41.28,96.04,72,0.04,71.96,229.9157172,163.416648,0.1134077,163.3032403,365,823,KMg4P3O12Eu0.02
20,12,0.03,11.97,149,63,8,55,336.2403785,151.964,15.999,135.965,810,185,60,125,9.48,3.44,0,3.44,20,6,2,4,47.2893854,13.618054,5.670385,7.947669,253.53,96,1.89,94.11,532.372527,191.988,4.55892,187.42908,1851.05,720,5.55,714.45,53.3207,41.28,0,41.28,96,72,0.06,71.94,219.3592653,163.416648,0.17011155,163.2465365,370,580,Y2Mg1.97Al2Si2O12Eu0.03
11.02,7,0.02,6.98,142,63,8,55,331.3185,151.964,15.999,135.965,535,185,60,125,6.76,3.44,0,3.44,25,12,2,10,35.028448,13.618054,5.670385,7.947669,199.26,96,1.26,94.74,441.74328,224.828,3.03928,221.78872,1003.7,420,3.7,416.3,30.72,24.08,0,24.08,76.04,42,0.04,41.96,126.9198037,95.326378,0.1134077,95.2129703,375,393,Cd2V2O7Eu0.02
11.06,7,0.02,6.98,145,63,3,60,338.2585,151.964,6.94,145.024,680,185,60,125,7.74,3.44,0,3.44,26,12,1,11,40.42016276,13.618054,5.391714761,8.226339239,199.38,96,0.12,95.88,442.02088,224.828,0.2776,224.5504,1009.5,420,3.7,416.3,30.7592,24.08,0,24.08,76.08,42,0.04,41.96,127.1354723,95.326378,0.1134077,95.2129703,375,398,Cd2V2O7Li0.04Eu0.02
46.153,28,0.072,27.928,212,65,8,57,486.3098813,158.92535,15.999,142.92635,1015,185,60,125,9.21,3.44,0,3.44,30,12,1,11,56.2853559,13.618054,5.1390767,8.4789773,559.801,224,4.536,219.464,1137.674465,447.972,10.941408,437.030592,4342.495,1680,13.32,1666.68,123.23,96.32,0,96.32,234.306,168,0.144,167.856,525.147222,381.305512,0.40826772,380.8972443,378,500,Ca9NaZnP7O28Eu0.072Tb0.081
14,8,0.1,7.9,245,83,8,75,589.8322813,208.9804,15.999,192.9814,860,185,60,125,8.46,3.44,0,3.44,21,6,1,5,48.0635177,13.618054,5.1390767,8.4789773,206.2,66.4,6.3,60.1,457.1820868,167.18432,15.1964,151.98792,1384,540,17.5,522.5,36.21,27.52,0,27.52,65.4,48,0.2,47.8,152.3168654,108.944432,0.5670385,108.3773935,379,553,Na3Bi0.8P2O8Eu0.1Tb0.1
20,12,0.1,11.9,206,63,8,55,476.5370013,151.964,15.999,135.965,1030,200,60,140,10.51,3.44,0,3.44,23,6,1,5,54.3376519,13.618054,5.1390767,8.4789773,324.5,110.2,6.3,103.9,713.2101633,254.098,15.1964,238.9016,2003.5,720,18.5,701.5,52.345,41.28,0,41.28,96,72,0.2,71.8,220.3398331,163.416648,0.5670385,162.8496095,380,417,Sr2.9LaNaP2SiO12Eu0.1
44.137,28,0.007,27.993,195,64,8,56,451.202806,157.25,15.999,141.251,845,185,60,125,9.38,3.44,0,3.44,24,7,2,5,49.4720942,13.618054,5.670385,7.947669,556.191,224,0.441,223.559,1149.382023,447.972,1.063748,446.908252,4023.495,1680,1.295,1678.705,120.9965,96.32,0,96.32,221.424,168,0.014,167.986,510.6413804,381.305512,0.039692695,381.2658193,380,508,Ca8.1GdP7O28Eu0.007Mn0.03
13.06,8,0.01,7.99,189,63,8,55,421.956946,151.964,15.999,135.965,1065,220,60,160,10.22,3.44,0,3.44,26,7,1,6,53.88022174,13.618054,4.34066354,9.27739046,173.88,64,0.63,63.37,362.2882062,127.992,1.51964,126.47236,1268.85,480,1.85,478.15,35.0175,27.52,0,27.52,64.37,48,0.02,47.98,147.0172875,108.944432,0.05670385,108.8877282,380,603,KCaYP2O8Eu0.01Mn0.05
13.06,8,0.01,7.99,189,63,8,55,421.956946,151.964,15.999,135.965,1065,220,60,160,10.22,3.44,0,3.44,26,7,1,6,53.88022174,13.618054,4.34066354,9.27739046,173.88,64,0.63,63.37,362.2882062,127.992,1.51964,126.47236,1268.85,480,1.85,478.15,35.0175,27.52,0,27.52,64.37,48,0.02,47.98,147.0172875,108.944432,0.05670385,108.8877282,380,673,KCaYP2O8Eu0.01Mn0.05
7,4,0.05,3.95,143,63,8,55,323.746,151.964,15.999,135.965,735,200,60,140,7.29,3.44,0,3.44,16,6,2,4,39.2481444,13.618054,5.670385,7.947669,105.7,37.05,3.15,33.9,224.18475,85.4295,7.5982,77.8313,729.75,240,9.25,230.75,17.56125,13.76,0,13.76,32,24,0.1,23.9,74.42024009,54.472216,0.28351925,54.18869675,385,453,Ca0.975Sr0.975SiO4Eu0.05
9.02,4,0.02,3.98,126,63,8,55,281.0029344,151.964,15.999,135.965,755,185,50,135,11.54,3.98,0,3.98,23,7,1,6,58.4501769,17.42282,5.1390767,12.2837433,99.26,32,1.26,30.74,203.0649837,63.996,3.03928,60.95672,933.7,360,3.7,356.3,22.79,13.76,0,13.76,40.04,24,0.04,23.96,98.8864383,54.472216,0.1134077,54.3588083,390,428,Na2CaPO4FEu0.02
45,28,0.1,27.9,193,63,8,55,443.300232,151.964,15.999,135.965,855,195,60,135,9.38,3.44,0,3.44,30,12,2,10,50.8593792,13.618054,5.5769,8.041154,581.4,224,5.7,218.3,1201.450481,447.972,13.890547,434.081453,4141,1680,19.5,1660.5,121.41,96.32,0,96.32,233.1,168,0.3,167.7,518.6727911,381.305512,0.55769,380.747822,391,520,Ca8ZnLa0.1P7O28Eu0.9
7,4,0.09,3.91,179,63,8,55,421.731562,151.964,15.999,135.965,795,235,60,175,7.34,3.44,0,3.44,16,6,1,5,39.163917,13.618054,4.177128,9.440926,138.92,45.92,5.67,40.25,314.414564,112.60814,13.67676,98.93138,789.1,256.15,16.65,239.5,17.5736,13.76,0,13.76,31.91,24,0.18,23.82,74.29587065,54.472216,0.51033465,53.96188135,392,473,Rb1.09Ba0.82PO4Eu0.09
14,8,0.1,7.9,246,83,8,75,593.4069313,208.9804,15.999,192.9814,860,185,60,125,9.68,3.44,0,3.44,21,6,1,5,48.1387677,13.618054,5.1390767,8.4789773,206.3,66.4,6.3,60.1,457.5395518,167.18432,15.1964,151.98792,1384,540,17.5,522.5,36.332,27.52,0,27.52,65.4,48,0.2,47.8,152.3243904,108.944432,0.5670385,108.3773935,392,573,Na3Bi0.8P2O8Eu0.1Dy0.1
10,6,0.09,5.91,207,74,8,66,487.831,183.84,15.999,167.841,705,185,60,125,8.3,3.44,0,3.44,22,6,2,4,40.3580542,13.618054,5.670385,7.947669,179.47,59.2,5.67,53.53,392.55974,147.072,13.67676,133.39524,1037.45,523.8,16.65,507.15,25.342,20.64,0,20.64,48,36,0.18,35.82,107.7176503,81.708324,0.51033465,81.19798935,393,360,Ca2.91Mo0.2W0.8O6Eu0.09
11.05,6,0.05,5.95,162,63,5,58,381.48,151.964,10.81,141.154,680,215,60,155,8.02,3.44,0,3.44,25,12,2,10,42.192321,13.618054,5.211664,8.40639,203.15,112,3.15,108.85,465.2462,274.654,7.5982,267.0558,1104.25,430,9.25,420.75,28.15,20.64,0,20.64,58.1,36,0.1,35.9,118.4054083,81.708324,0.28351925,81.42480475,393,363,Ba2ZnB2O6Eu0.05
24,15,0.4,14.6,136,63,8,55,310.861762,151.964,15.999,135.965,695,200,60,140,7.89,3.44,0,3.44,17,6,2,4,43.1162272,13.618054,5.670385,7.947669,302,120,25.2,94.8,637.772648,239.985,60.7856,179.1994,2144,900,74,826,65.81,51.6,0,51.6,120,90,0.8,89.2,280.5362005,204.27081,2.268154,202.002656,393,405,Sr1.6Mg3P4O15Eu0.4
20.55,13,0.05,12.95,136,63,8,55,309.25884,151.964,15.999,135.965,685,185,60,125,7.87,3.44,0,3.44,17,6,2,4,41.303617,13.618054,5.670385,7.947669,297.65,136.5,3.15,133.35,635.31564,311.17044,7.5982,303.57224,1899.25,780,9.25,770.75,56,44.72,0,44.72,102.6,78,0.1,77.9,231.1799153,177.034702,0.28351925,176.7511828,393,418,MgY3.5Si3O13Eu0.05
24,15,0.4,14.6,139,63,3,60,317.801762,151.964,6.94,145.024,840,200,60,140,8.87,3.44,0,3.44,18,6,1,5,48.50794196,13.618054,5.391714761,8.226339239,288,120,1.2,118.8,605.500648,239.985,2.776,237.209,2122,900,58,842,65.822,51.6,0,51.6,119.6,90,0.4,89.6,280.4149395,204.27081,2.156685904,202.1141241,393,435,Sr1.2Mg3P4O15Li0.4Eu0.4
26,15,0.7,14.3,171,63,5,58,405.00584,151.964,10.81,141.154,725,215,60,155,7.59,3.44,0,3.44,16,6,2,4,39.015382,13.618054,5.211664,8.40639,412.8,168,30,138,938.778392,411.981,64.86,347.121,2418.5,900,129.5,770.5,68.096,51.6,0,51.6,119.3,90,1.4,88.6,281.7456235,204.27081,3.9692695,200.3015405,393,440,Ba3Y1.3B6O15Eu0.7
24,15,0.4,14.6,155,63,8,55,349.960062,151.964,15.999,135.965,915,220,60,160,8.71,3.44,0,3.44,18,6,1,5,47.45689074,13.618054,4.34066354,9.27739046,294.4,120,7.6,112.4,618.363968,239.985,15.63932,224.34568,2152,900,74,826,65.758,51.6,0,51.6,119.6,90,0.4,89.6,279.9945191,204.27081,1.736265416,202.5345446,393,440,Sr1.2Mg3P4O15K0.4Eu0.4
24,15,0.4,14.6,147,63,8,55,333.8515313,151.964,15.999,135.965,875,200,60,140,8.82,3.44,0,3.44,18,6,1,5,48.2553039,13.618054,5.1390767,8.4789773,291.2,120,4.4,115.6,611.9205557,239.985,9.195907712,230.7890923,2136,900,72,828,65.802,51.6,0,51.6,119.6,90,0.4,89.6,280.3138843,204.27081,2.05563068,202.2151793,393,445,Sr1.2Mg3P4O15Na0.4Eu0.4
10.3,6,0.3,5.7,217,74,3,71,521.95347,183.84,6.94,176.9,870,195,60,135,8.53,3.44,0,3.44,20,6,1,5,45.76731876,13.618054,5.391714761,8.226339239,212.9,74,3,71,495.57367,183.84,6.94,176.9,1040.5,360,55.5,304.5,25.73,20.64,0,20.64,48.6,36,0.6,35.4,109.8883193,81.708324,1.7011155,80.0072085,393,453,LiLaMgWO6Eu0.3
24,15,0.4,14.6,150,63,8,55,338.946762,151.964,15.999,135.965,805,200,60,140,9.79,3.44,0,3.44,21,6,2,4,51.2679102,13.618054,5.670385,7.947669,301.6,120,5.6,114.4,636.6171432,239.985,11.234,228.751,2148,900,44,856,65.694,51.6,0,51.6,119.6,90,0.8,89.2,279.6021993,204.27081,2.268154,202.002656,393,460,Sr1.6Mg3P3.6Si0.4O15Eu0.4
23.8,15,0.4,14.6,136,63,8,55,310.861762,151.964,15.999,135.965,695,200,60,140,7.89,3.44,0,3.44,17,6,2,4,43.1162272,13.618054,5.670385,7.947669,294.4,120,25.2,94.8,620.248648,239.985,60.7856,179.1994,2104,900,74,826,65.62,51.6,0,51.6,119.6,90,0.8,89.2,279.3972271,204.27081,2.268154,202.002656,393,470,Sr1.4Mg3P4O15Eu0.4
12.06,7,0.06,6.94,197,83,5,78,475.3734,208.9804,10.81,198.1704,690,200,60,140,8.33,3.44,0,3.44,18,6,2,4,40.5668412,13.618054,5.670385,7.947669,273.78,166,3.78,162.22,648.31164,417.9608,9.11784,408.84296,1121.1,420,11.1,408.9,32.91,24.08,0,24.08,60.12,42,0.12,41.88,132.5285383,95.326378,0.3402231,94.9861549,393,473,SrBi2B2O7Eu0.06
20.01,12,0.01,11.99,149,63,8,55,337.4555313,151.964,15.999,135.965,830,185,60,125,9.2,3.44,0,3.44,20,6,1,5,49.1943367,13.618054,5.1390767,8.4789773,226.63,96,0.63,95.37,470.9272338,191.988,1.51964,190.46836,1866.85,720,1.85,718.15,53.28,41.28,0,41.28,96.02,72,0.02,71.98,224.630775,163.416648,0.05670385,163.3599442,393,513,Na3MgZrP3O12Eu0.01
91.06,56,0.06,55.94,118,63,8,55,263.319762,151.964,15.999,135.965,675,185,60,125,7.94,3.44,0,3.44,17,6,2,4,43.5345152,13.618054,5.670385,7.947669,1065.78,448,3.78,444.22,2148.786508,895.944,9.11784,886.82616,8491.1,3420,11.1,3408.9,244.92,192.64,0,192.64,448.12,336,0.12,335.88,1041.20727,762.611024,0.3402231,762.2708009,393,543,Ca19Mg2P14O56Eu0.06
14,8,1,7,97,63,8,55,221.9265313,151.964,15.999,135.965,525,185,60,125,6.56,3.44,0,3.44,14,6,1,5,34.9142017,13.618054,5.1390767,8.4789773,190,64,30,34,410.8728318,151.964,61.947524,90.016476,1405,540,185,355,34.69,27.52,0,27.52,63,48,2,46,151.0054191,108.944432,5.670385,103.274047,393,600,Na3P2O8Eu1
21.1,15,0.1,14.9,152,63,8,55,352.81884,151.964,15.999,135.965,570,185,60,125,6.82,3.44,0,3.44,17,6,2,4,32.598129,13.618054,5.670385,7.947669,372.3,168,6.3,161.7,816.79308,383.8,15.1964,368.6036,1858.5,900,18.5,881.5,62.68,51.6,0,51.6,120.2,90,0.2,89.8,245.6420885,204.27081,0.5670385,203.7037715,393.5,349,Y2Mo4O15Eu0.1
21.75,15,0.75,14.25,152,63,8,55,352.81884,151.964,15.999,135.965,570,185,60,125,6.82,3.44,0,3.44,17,6,2,4,32.598129,13.618054,5.670385,7.947669,413.25,168,47.25,120.75,915.56968,383.8,113.973,269.827,1978.75,900,138.75,761.25,62.68,51.6,0,51.6,121.5,90,1.5,88.5,249.3278388,204.27081,4.25278875,200.0180213,393.5,449,Y2Mo4O15Eu0.75
13,8,1,7,165,63,8,55,380.354562,151.964,15.999,135.965,725,235,60,175,8.61,3.44,0,3.44,20,6,1,5,41.044683,13.618054,4.177128,9.440926,258,74,15,59,577.815362,170.9356,30.973762,139.961838,1380,480,100,380,33.51,27.52,0,27.52,63,48,2,46,140.548189,108.944432,5.670385,103.274047,393.5,716,Rb2PO8MoEu1
92,56,0.4,55.6,192,83,3,80,454.935162,208.9804,6.94,202.0404,830,185,60,125,9.51,3.44,0,3.44,21,6,1,5,48.56551096,13.618054,5.391714761,8.226339239,1098,448,9,439,2246.571228,895.944,20.82,875.124,8610,3360,64,3296,245,192.64,0,192.64,448.2,336,1.2,334.8,1041.953003,762.611024,2.9142064,759.6968176,394,403,Ca18Li3Bi0.4P14O56Eu0.6
40.7,25,0.06,24.94,198,63,8,55,472.28047,151.964,15.999,135.965,765,215,60,155,7.33,3.44,0,3.44,17,6,2,4,38.228686,13.618054,5.211664,8.40639,833.26,321.48,3.78,317.7,1910.337691,783.4268508,9.11784,774.3090108,4130.9,1500,11.1,1488.9,107.164,86,0,86,199.04,150,0.12,149.88,442.0020431,340.45135,0.3402231,340.1111269,394,418,Ba4La5.64Si6O25Eu0.06
22,14,0.2,13.8,176,63,3,60,412.926762,151.964,6.94,145.024,835,215,60,155,9.31,3.44,0,3.44,19,6,1,5,46.37780556,13.618054,5.211664,8.40639,319.4,112,3,109,702.125448,247.1886,6.94,240.2486,1939,840,37,803,61.312,48.16,0,48.16,112,84,0.4,83.6,254.5055888,190.652756,1.134077,189.518679,394,430,Ba1.8LiGaP4O14Eu0.2
17,11,0.4,10.6,233,83,8,75,565.2119,208.9804,15.999,192.9814,755,215,60,155,7.86,3.44,0,3.44,20,6,2,4,38.531806,13.618054,5.211664,8.40639,340,112,33.2,78.8,778.23806,274.654,83.59216,191.06184,1670,660,64,596,45.27,37.84,0,37.84,88.2,66,1.2,64.8,186.7769204,149.798594,2.9142064,146.8843876,394,451,Ba2Bi0.4V3O11Eu0.6
6,4,0.4,3.6,166,83,9,74,402.9325724,208.9804,18.99840316,189.9819968,575,185,50,135,6.81,3.98,0,3.98,15,7,1,6,35.5177977,17.42282,5.1390767,12.2837433,122,49.8,11,38.8,285.1572219,125.38824,22.98976928,102.3984707,550,200,74,126,17.99,15.92,0,15.92,32.8,28,0.8,27.2,81.4698203,69.69128,2.268154,67.423126,394,465,NaBi0.6F4Eu0.4
19.25,12,0.25,11.75,177,64,8,56,421.163,157.25,15.999,141.251,570,185,60,125,6.8,3.44,0,3.44,16,6,2,4,32.530665,13.618054,5.670385,7.947669,537.75,384,15.75,368.25,1269.429,943.5,37.991,905.509,1991.25,1080,46.25,1033.75,50.64,41.28,0,41.28,90.5,72,0.5,71.5,208.8254503,163.416648,1.41759625,161.9990518,394,473,Gd6MoO12Eu0.25
11,6,0.3,5.7,182,63,5,58,427.9956093,151.964,10.81,141.154,905,215,60,155,8.52,3.44,0,3.44,17,6,1,5,44.1544587,13.618054,5.1390767,8.4789773,180.8,56,10,46,410.9773213,137.327,21.62,115.707,1108.5,360,54,306,26.906,20.64,0,20.64,47.3,36,0.9,35.1,114.4895502,81.708324,1.865178,79.843146,394,498,NaBaY0.3B2O6Eu0.7
18.73,12,0.09,11.91,186,83,8,75,449.5734,208.9804,15.999,192.9814,530,185,60,125,7.35,3.44,0,3.44,17,6,2,4,34.47339,13.618054,5.670385,7.947669,499.79,302.12,5.67,296.45,1184.243416,760.688656,13.67676,747.011896,1694.05,720,16.65,703.35,54.226,41.28,0,41.28,102.38,72,0.18,71.82,214.1445659,163.416648,0.51033465,162.9063134,394,498,Bi3.64Ge3O12Eu0.09
19.65,12,0.35,11.65,118,63,8,55,266.8824393,151.964,15.999,135.965,685,185,60,125,7.92,3.44,0,3.44,17,6,1,5,41.4756917,13.618054,5.1390767,8.4789773,223.35,96,22.05,73.95,465.5086742,191.988,53.1874,138.8006,1832.75,720,64.75,655.25,52.408,41.28,0,41.28,94.6,72,0.7,71.3,220.8085079,163.416648,1.98463475,161.4320133,394,523,Na3Sc1.3P3O12Eu0.35
9.8,6,0.2,5.8,143,63,8,55,335.641,151.964,15.999,135.965,565,185,60,125,6.54,3.44,0,3.44,16,6,2,4,34.4112542,13.618054,5.670385,7.947669,164.6,52,12.6,39.4,358.1896,127.6,30.3928,97.2072,1005,468,37,431,25.34,20.64,0,20.64,47.6,36,0.4,35.6,107.7462645,81.708324,1.134077,80.574247,394,540,Ca2.6TeO6Eu0.2
11,6,0.3,5.7,190,63,5,58,444.10414,151.964,10.81,141.154,945,220,60,160,8.41,3.44,0,3.44,17,6,1,5,43.35604554,13.618054,4.34066354,9.27739046,188.8,56,10,46,427.085852,137.327,21.62,115.707,1148.5,360,54,306,26.796,20.64,0,20.64,47.3,36,0.9,35.1,113.691137,81.708324,1.865178,79.843146,394,553,KBaY0.3B2O6Eu0.7
45,28,0.4,27.6,145,63,8,55,331.51267,151.964,15.999,135.965,705,200,60,140,7.94,3.44,0,3.44,18,6,2,4,42.0314822,13.618054,5.670385,7.947669,708.8,342,12.6,329.4,1541.127479,788.58,26.9735448,761.6064552,4350,1800,74,1726,121.016,96.32,0,96.32,223.6,168,0.8,167.2,512.1711668,381.305512,2.268154,379.037358,394,553,Sr9Sc0.6P7O28Eu0.4
13.96,9,0.08,8.92,199,63,8,55,469.144,151.964,15.999,135.965,740,215,60,155,7.67,3.44,0,3.44,18,6,2,4,39.033438,13.618054,5.211664,8.40639,262.32,96,5.04,90.96,586.10988,217.89,12.15712,205.73288,1274,540,14.8,525.2,39.1032,30.96,0,30.96,71.92,54,0.16,53.84,157.9345861,122.562486,0.4536308,122.1088552,394,573,Ba0.88ZrGe3O9Eu0.08
6,4,0.01,3.99,238,83,8,75,562.5784,208.9804,15.999,192.9814,835,185,60,125,10.46,3.44,0,3.44,33,12,2,10,50.706819,13.618054,5.670385,7.947669,104.38,42,0.83,41.17,226.983704,95.95,2.089804,93.860196,524.25,240,1.6,238.4,17.456,13.76,0,13.76,40.43,24,0.05,23.95,70.57677107,54.472216,0.07285516,54.39936084,395,387,Mg0.10Zn0.84MoO4Eu0.05Bi0.01
12.65,7,0.35,6.65,126,63,5,58,290.6686093,151.964,10.81,141.154,690,185,60,125,7.63,3.44,0,3.44,15,6,1,5,38.9427947,13.618054,5.1390767,8.4789773,160.75,56,10,46,348.3575306,115.577592,21.62,93.957592,1248.75,420,64.75,355.25,31.606,24.08,0,24.08,54.6,42,0.7,41.3,132.2676422,95.326378,1.98463475,93.34174325,395,393,Na2Y1.3B2O7Eu0.35
20.9,13,0.1,12.9,143,63,8,55,323.9371393,151.964,15.999,135.965,750,185,60,125,6.97,3.44,0,3.44,16,6,1,5,37.2995209,13.618054,5.1390767,8.4789773,333.2,164,6.3,157.7,714.6376416,371.62548,15.1964,356.42908,2062.5,780,18.5,761.5,54.787,44.72,0,44.72,103.9,78,0.2,77.8,226.0163811,177.034702,0.5670385,176.4676635,395,440,Na1.9Ca1.9Nb4O13Eu0.1
6,4,0.25,3.75,188,64,8,56,444.1527693,157.25,15.999,141.251,750,185,60,125,7.73,3.44,0,3.44,17,6,1,5,37.6697417,13.618054,5.1390767,8.4789773,111.25,42,5.5,36.5,248.7443846,95.95,11.49488464,84.45511536,566.25,240,45,195,16.685,13.76,0,13.76,31.5,24,0.5,23.5,67.0892296,54.472216,1.41759625,53.05461975,395,448,Na0.5Gd0.25MoO4Eu0.25
10,6,0.07,5.93,114,63,9,54,263.6751724,151.964,18.99840316,132.9655968,545,185,50,135,6.72,3.98,0,3.98,13,7,1,6,34.2315835,17.42282,5.1390767,12.2837433,120.24,54,4.41,49.59,258.4395968,113.990419,10.63748,103.352939,973.85,540,12.95,527.05,28.3533,23.88,0,23.88,47.93,42,0.14,41.86,125.9304277,104.53692,0.39692695,104.1399931,395,458,Na3Ga0.93F6Eu0.07
10,6,0.05,5.95,114,63,9,54,263.6751724,151.964,18.99840316,132.9655968,545,185,50,135,6.72,3.98,0,3.98,13,7,1,6,34.2315835,17.42282,5.1390767,12.2837433,119.6,54,3.15,50.85,256.7947768,113.990419,7.5982,106.392219,972.75,540,9.25,530.75,28.3895,23.88,0,23.88,47.95,42,0.1,41.9,125.9370061,104.53692,0.28351925,104.2534008,395,473,Na3Ga0.95F6Eu0.05
27.2,20,0.3,19.7,180,64,3,61,428.103,157.25,6.94,150.31,715,185,60,125,7.78,3.44,0,3.44,17,6,1,5,37.92237976,13.618054,5.391714761,8.226339239,448.9,210,3,207,990.6126,479.75,6.94,472.81,2290.5,1200,54,1146,80.94,68.8,0,68.8,153.4,120,0.6,119.4,320.1632301,272.36108,1.8449388,270.5161412,395,483,LiGd0.3Mo5O20Eu0.9
13.45,8,0.45,7.55,182,63,8,55,420.8777393,151.964,15.999,135.965,935,195,60,135,8.1,3.44,0,3.44,19,6,1,5,42.8637579,13.618054,5.1390767,8.4789773,226.35,64,11,53,500.2320393,138.90547,22.98976928,115.9157007,1388.25,480,83.25,396.75,33.81,27.52,0,27.52,64.9,48,0.9,47.1,141.8176112,108.944432,2.55167325,106.3927588,395,483,NaCaLaV2O8Eu0.45
20.08,12,0.08,11.92,183,63,8,55,415.1523785,151.964,15.999,135.965,885,185,60,125,8.6,3.44,0,3.44,20,6,2,4,44.2385226,13.618054,5.670385,7.947669,299.04,96,5.04,90.96,636.5995755,191.988,12.15712,179.83088,1959.8,720,14.8,705.2,51.99,41.28,0,41.28,96.16,72,0.16,71.84,213.5389544,163.416648,0.4536308,162.9630172,395,498,Ca2YZr2Al3O12Eu0.08
12,8,0.2,7.8,212,74,3,71,515.993,183.84,6.94,176.9,705,185,60,125,7.32,3.44,0,3.44,17,6,1,5,38.69397976,13.618054,5.391714761,8.226339239,278.2,148,3,145,655.6332,367.68,6.94,360.74,1079,480,36,444,32.14,27.52,0,27.52,63,48,0.4,47.6,135.830474,108.944432,1.2299592,107.7144728,395,498,LiGd0.2W2O8Eu0.8
48,32,0.3,31.7,261,74,3,71,634.97547,183.84,6.94,176.9,935,215,60,155,8.11,3.44,0,3.44,20,6,1,5,43.33274776,13.618054,5.211664,8.40639,1156.2,592,9,583,2730.136441,1470.72,20.82,1449.9,4423,1920,58.5,1861.5,128.73,110.08,0,110.08,253.3,192,0.9,191.1,542.2715498,435.777728,1.67307,434.104658,395,510,Li3Ba2La0.3W8O32Eu2.7
18,12,0.2,11.8,252,64,8,56,597.5883,157.25,15.999,141.251,1005,220,60,160,8.51,3.44,0,3.44,19,6,1,5,42.08299254,13.618054,4.34066354,9.27739046,360.2,126,12.8,113.2,809.2845,287.85,31.45,256.4,1774,720,36,684,49.71,41.28,0,41.28,95,72,0.4,71.6,200.0125327,163.416648,1.2299592,162.1866888,395,510,KBaGd0.2Mo3O12Eu0.8
42,26,0.08,25.92,216,63,8,55,516.82547,151.964,15.999,135.965,780,215,60,155,7.44,3.44,0,3.44,17,6,2,4,37.976438,13.618054,5.211664,8.40639,968.48,451.44,5.04,446.4,2238.696442,1100.131322,12.15712,1087.974202,4299.2,1560,14.8,1545.2,111.992,89.44,0,89.44,207.92,156,0.16,155.84,456.5120208,354.069404,0.4536308,353.6157732,395,523,Ba2La7.92Ge6O26Eu0.08
13.01,6,0.01,5.99,156,63,3,60,365.3045385,151.964,6.94,145.024,845,215,65,150,8.42,3.04,0,3.04,17,5,1,4,44.94534516,14.53413,5.211664,9.322466,158.63,56,0.63,55.37,346.901717,137.327,1.51964,135.80736,1366.85,390,1.85,388.15,28.11,18.24,0,18.24,48.02,30,0.02,29.98,131.5314802,87.20478,0.05670385,87.14807615,395,538,BaLi2Al2Si2N6Eu0.01
10.3,6,0.1,5.9,241,74,3,71,567.90384,183.84,6.94,176.9,1000,185,60,125,10.81,3.44,0,3.44,26,6,1,5,53.50010876,13.618054,5.391714761,8.226339239,191.7,66.6,3,63.6,436.78504,165.456,6.94,158.516,1026.5,360,14.5,345.5,25.896,20.64,0,20.64,48.6,36,0.6,35.4,110.4515193,81.708324,0.709243,80.999081,395,550,LiYMgW0.9Mo0.1O6Eu0.3
11,7,0.45,6.55,132,63,8,55,304.73584,151.964,15.999,135.965,565,185,60,125,6.2,3.44,0,3.44,15,6,2,4,32.333819,13.618054,5.670385,7.947669,188.8,60.45,28.35,32.1,413.914852,137.804052,68.3838,69.420252,1062.25,420,83.25,336.75,29.051,24.08,0,24.08,55.55,42,0.9,41.1,121.1710443,95.326378,2.55167325,92.77470475,395,649,Y1.55Ti2O7Eu0.45
29,17,0.02,16.98,260,71,5,66,629.97227,174.9668,10.81,164.1568,915,215,60,155,8.47,3.44,0,3.44,18,6,2,4,43.800893,13.618054,5.211664,8.40639,623.72,318.08,1.14,316.94,1463.298373,783.851264,2.7781094,781.0731546,2755.4,1020,3.9,1016.1,74.962,58.48,0,58.48,131.02,102,0.06,101.94,310.6749736,231.506918,0.111538,231.39538,396,385,Ba2Lu4.48La0.02B5O17Eu0.5
13,8,0.5,7.5,203,64,8,56,475.1265313,157.25,15.999,141.251,850,185,60,125,9.92,3.44,0,3.44,22,6,1,5,48.1564277,13.618054,5.1390767,8.4789773,206.5,64,15,49,455.5023006,127.992,30.973762,97.018238,1267.5,480,90,390,34.33,27.52,0,27.52,63,48,1,47,142.7117919,108.944432,2.8351925,106.1092395,396,455,Na2Gd0.5PO8MoEu0.5
13,8,0.4,7.6,210,71,8,63,492.8433313,174.9668,15.999,158.9678,845,185,60,125,9.72,3.44,0,3.44,22,6,1,5,47.4325027,13.618054,5.1390767,8.4789773,209.2,64,15,49,462.0604206,127.992,30.973762,97.018238,1266,480,70,410,34.13,27.52,0,27.52,63,48,0.8,47.2,142.3742808,108.944432,2.1703484,106.7740836,396,470,Na2Lu0.4MoO8PEu0.6
46.2,32,0.3,31.7,299,74,3,71,722.59547,183.84,6.94,176.9,1135,215,60,155,9.06,3.44,0,3.44,22,6,1,5,49.02761496,13.618054,5.211664,8.40639,1024.8,592,9,583,2406.894241,1470.72,20.82,1449.9,4075,1920,58.5,1861.5,128.79,110.08,0,110.08,249.7,192,0.9,191.1,532.54806,435.777728,1.67307,434.104658,396,475,Li3BaSrLa0.3W8O32Eu0.9
29,17,0.5,16.5,196,64,5,59,473.35,157.25,10.81,146.44,725,215,60,155,7.57,3.44,0,3.44,15,6,2,4,38.947918,13.618054,5.211664,8.40639,592.5,288,25,263,1384.294,707.625,54.05,653.575,2777.5,1020,92.5,927.5,75.86,58.48,0,58.48,131,102,1,101,313.9296155,231.506918,2.8351925,228.6717255,396,490,Ba2Gd4.5B5O17Eu0.5
13,8,1,7,179,74,8,66,421.875062,183.84,15.999,167.841,700,220,60,160,8.15,3.44,0,3.44,20,6,1,5,41.97981854,13.618054,4.34066354,9.27739046,254,74,15,59,572.966362,183.84,30.973762,152.866238,1340,480,100,380,33.05,27.52,0,27.52,63,48,2,46,141.6468601,108.944432,5.670385,103.274047,396,500,K2WPO8Eu1
10,6,0.4,5.6,203,71,8,63,475.91417,174.9668,15.999,158.9678,745,185,60,125,7.04,3.44,0,3.44,17,6,2,4,37.5863152,13.618054,5.425871,8.192183,196.8,48,25.2,22.8,434.82205,104.98008,60.7856,44.19448,1044,360,74,286,24.84,20.64,0,20.64,47,36,0.8,35.2,106.217161,81.708324,2.268154,79.44017,396,500,Ca2Lu0.6NbO6Eu0.4
10,6,0.4,5.6,235,73,8,65,563.95568,180.94788,15.999,164.94888,745,185,60,125,6.94,3.44,0,3.44,17,6,2,4,38.3770352,13.618054,5.425871,8.192183,228.8,73,25.2,47.8,522.86356,180.94788,60.7856,120.16228,1044,360,74,286,24.74,20.64,0,20.64,47,36,0.8,35.2,107.007881,81.708324,2.268154,79.44017,396,583,Ca2Lu0.6TaO6Eu0.4
5,3,0.05,2.95,168,63,8,55,392.2553,151.964,15.999,135.965,820,220,60,160,6.69,3.44,0,3.44,15,6,1,5,35.66888654,13.618054,4.34066354,9.27739046,100.13,49.84,1.14,48.7,228.029128,122.22103,2.345898,119.875132,533.8,191.35,9.25,182.1,12.7013,10.32,0,10.32,23.94,18,0.06,17.94,52.86462202,40.854162,0.260439812,40.59372219,397,427,Ba0.89TiO3K0.06Eu0.05
42,26,2,24,237,63,8,55,561.18631,151.964,15.999,135.965,945,215,60,155,8.55,3.44,0,3.44,20,6,2,4,44.445946,13.618054,5.211664,8.40639,816.8,208,84,124,1841.723416,415.974,168.51,247.464,4138,1560,430,1130,109.164,89.44,0,89.44,205.6,156,4,152,460.291546,354.069404,10.423328,343.646076,397,473,Ba2Y3.2La2.4Si6O26Eu2.4
26,15,0.5,14.5,148,63,5,58,334.7383785,151.964,10.81,141.154,815,185,60,125,9.31,3.44,0,3.44,19,6,2,4,45.9026416,13.618054,5.670385,7.947669,290,120,19.5,100.5,604.8385355,239.985,43.24,196.745,2337.5,900,90,810,68.2,51.6,0,51.6,119.5,90,1,89,279.7034793,204.27081,2.8351925,201.4356175,397,500,Ca3Y0.5Al3O15B4Eu0.5
26,15,0.5,14.5,173,64,5,59,403.0825385,157.25,10.81,146.44,815,185,60,125,9.29,3.44,0,3.44,18,6,2,4,45.8351776,13.618054,5.670385,7.947669,302.5,120,20,100,639.0106155,239.985,43.24,196.745,2337.5,900,90,810,68.19,51.6,0,51.6,119,90,1,89,279.6697473,204.27081,2.8351925,201.4356175,397,553,Ca3Gd0.5Al3O15B4Eu0.5
26,15,0.3,14.7,198,71,5,66,463.5408,174.9668,10.81,164.1568,815,185,60,125,9.29,3.44,0,3.44,18,6,2,4,45.124786,13.618054,5.425871,8.192183,358.4,120,20,100,771.49284,239.985,43.24,196.745,2352,900,52.5,847.5,68.49,51.6,0,51.6,119,90,0.6,89.4,279.3972878,204.27081,1.6277613,202.6430487,397,560,Ca3Lu0.3Ga3B4O15Eu0.7
7,4,0.3,3.7,197,63,8,55,461.079,151.964,15.999,135.965,765,200,60,140,7.16,3.44,0,3.44,24,12,2,10,39.9161052,13.618054,5.5386,8.079454,171.1,58,9,49,391.9832,140.116,19.614,120.502,801,280,40.5,239.5,16.705,13.76,0,13.76,33,24,0.6,23.4,72.50300528,54.472216,1.7011155,52.7711005,400,388,Sr1.4Zn0.3CeO4Eu0.3
7,4,0.06,3.94,148,63,16,47,341.367,151.964,32.06,119.904,615,200,100,100,5.34,2.58,0,2.58,13,6,2,4,27.724564,10.36001,5.670385,4.689625,165.5,64,3.78,60.22,359.16664,139.446,9.11784,130.32816,859.1,400,11.1,388.9,14.833,10.32,0,10.32,32,24,0.12,23.88,59.13204187,41.44004,0.3402231,41.0998169,400,400,Sr0.94Ga2S4Eu0.06
19.02,6,0.02,5.98,158,63,8,55,368.825,151.964,15.999,135.965,670,215,60,155,9.39,3.44,0,3.44,21,7,2,5,45.619416,13.618054,5.211664,8.40639,459.26,280,1.26,278.74,1054.53828,686.635,3.03928,683.59572,2258.7,1075,3.7,1071.3,47.85,20.64,0,20.64,96.04,42,0.04,41.96,201.9891977,81.708324,0.1134077,81.5949163,400,430,Ba5Si2O6Cl6Eu0.02
45,28,0.08,27.92,157,63,8,55,355.81767,151.964,15.999,135.965,855,200,60,140,9.25,3.44,0,3.44,20,6,2,4,49.6777172,13.618054,5.670385,7.947669,668,300.96,5.04,295.92,1440.156762,693.9504,12.15712,681.79328,4288.8,1680,14.8,1665.2,121.844,96.32,0,96.32,224,168,0.16,167.84,514.477018,381.305512,0.4536308,380.8518812,400,433,Sr7.92MgScP7O28Eu0.08
44.79,28,0.03,27.97,193,63,8,55,449.767232,151.964,15.999,135.965,890,200,60,140,8.99,3.44,0,3.44,20,6,2,4,48.6931272,13.618054,5.5769,8.041154,694.77,294.88,1.89,292.99,1512.488924,679.9312,4.55892,675.37228,4282.55,1680,5.55,1674.45,121.432,96.32,0,96.32,223.58,168,0.06,167.94,512.29773,381.305512,0.17011155,381.1354005,400,443,Sr7.76MgLaP7O28Eu0.03
44.93,28,0.01,27.99,175,63,8,55,399.767602,151.964,15.999,135.965,875,200,60,140,9.11,3.44,0,3.44,20,6,2,4,49.3334872,13.618054,5.670385,7.947669,681.59,300.96,0.63,300.33,1473.469214,693.9504,1.51964,692.43076,4295.85,1680,1.85,1678.15,121.704,96.32,0,96.32,223.86,168,0.02,167.98,513.7358611,381.305512,0.05670385,381.2488082,400,453,Sr7.92MgYP7O28Eu0.01
14,8,0.1,7.9,242,83,8,75,581.2669313,208.9804,15.999,192.9814,870,185,60,125,9.63,3.44,0,3.44,21,6,1,5,47.8434277,13.618054,5.1390767,8.4789773,205.9,66.4,6.2,60.2,456.3255518,167.18432,15.036,152.14832,1385,540,18.5,521.5,36.327,27.52,0,27.52,65.4,48,0.2,47.8,152.2948564,108.944432,0.564371,108.380061,403,593,Na3Bi0.8P2O8Eu0.1Sm0.1
13,8,0.02,7.98,206,63,14,49,488.34147,151.964,28.085,123.879,805,215,100,115,6.47,2.58,0,2.58,17,6,2,4,34.970642,10.36001,5.211664,5.148346,326.14,128,1.26,126.74,728.08068,277.81094,3.03928,274.77166,1624.4,800,3.7,796.3,27.5122,20.64,0,20.64,64,48,0.04,47.96,115.5580844,82.88008,0.1134077,82.7666723,405,403,Ba0.98La2Si2S8Eu0.02
20.01,12,0.01,11.99,156,63,8,55,364.348762,151.964,15.999,135.965,670,215,60,155,8.42,3.44,0,3.44,19,6,2,4,43.138472,13.618054,5.211664,8.40639,420.63,280,0.63,279.37,970.175164,686.635,1.51964,685.11536,2106.85,1075,1.85,1073.15,52.01,41.28,0,41.28,96.02,72,0.02,71.98,218.6567269,163.416648,0.05670385,163.3599442,405,403,Ba5P2SiO12Eu0.01
12.15,7,0.15,6.85,187,63,16,47,432.73047,151.964,32.06,119.904,790,195,100,95,6.49,2.58,0,2.58,16,6,2,4,33.719752,10.36001,5.5769,4.78311,291.45,112,9.45,102.55,635.36707,224.42,22.7946,201.6254,1492.75,700,27.75,672.25,25.59,18.06,0,18.06,56.3,42,0.3,41.7,103.0585884,72.52007,0.85055775,71.66951225,405,414,CaLaGa3S7Eu0.15
7.06,4,0.06,3.94,122,63,12,51,278.052,151.964,24.305,127.659,565,185,100,85,5.7,2.58,0,2.58,13,6,2,4,29.6759318,10.36001,5.670385,4.689625,141.78,64,3.78,60.22,301.10884,139.446,9.11784,130.32816,821.1,400,11.1,388.9,15.25,10.32,0,10.32,32.12,24,0.12,23.88,61.4251017,41.44004,0.3402231,41.0998169,430,402,MgGa2S4Eu0.06
8,4,0.06,3.94,122,63,12,51,278.052,151.964,24.305,127.659,565,185,100,85,5.7,2.58,0,2.58,13,6,2,4,29.6759318,10.36001,5.670385,4.689625,153.06,64,3.78,60.22,323.95554,139.446,9.11784,130.32816,962.1,400,11.1,388.9,16.4814,10.32,0,10.32,34,24,0.12,23.88,68.6125626,41.44004,0.3402231,41.0998169,430,402,Mg1.94Ga2S4Eu0.06
122.005,55,0.005,54.995,106,63,3,60,239.9705385,151.964,6.94,145.024,700,185,65,120,6.63,3.04,0,3.04,13,5,1,4,37.69515336,14.53413,5.391714761,9.142415239,1316.315,507,0.315,506.685,2680.504822,1052.280002,0.75982,1051.520182,13210.925,4875,0.925,4874.075,257.83,167.2,0,167.2,440.01,275,0.01,274.99,1198.247292,799.37715,0.028351925,799.3487981,450,355,Ca20Li8Al39N55Eu0.005
123.255,55,0.005,54.995,106,63,3,60,239.9705385,151.964,6.94,145.024,700,185,65,120,6.63,3.04,0,3.04,13,5,1,4,37.69515336,14.53413,5.391714761,9.142415239,1298.815,507,0.315,506.685,2647.757322,1052.280002,0.75982,1051.520182,13348.425,4875,0.925,4874.075,259.03,167.2,0,167.2,440.01,275,0.01,274.99,1204.085135,799.37715,0.028351925,799.3487981,450,360,Ca18.75Li10.5Al39N55Eu0.005
124.005,55,0.005,54.995,106,63,3,60,239.9705385,151.964,6.94,145.024,700,185,65,120,6.63,3.04,0,3.04,13,5,1,4,37.69515336,14.53413,5.391714761,9.142415239,1288.315,507,0.315,506.685,2628.108822,1052.280002,0.75982,1051.520182,13430.925,4875,0.925,4874.075,259.75,167.2,0,167.2,440.01,275,0.01,274.99,1207.58784,799.37715,0.028351925,799.3487981,450,360,Ca18Li12Al39N55Eu0.005
14.5,8,0.5,7.5,122,63,7,56,281.676,151.964,14.007,137.957,560,200,65,135,5.89,3.04,0,3.04,13,5,2,3,34.0510652,14.53413,5.670385,8.863745,195.5,70,31.5,38.5,416.083,140.425,75.982,64.443,1362.5,550,92.5,457.5,34.77,24.32,0,24.32,63,40,1,39,165.5615147,116.27304,2.8351925,113.4378475,450,378,SrSi5N8Eu0.5
7,4,0.8,3.2,105,63,8,55,236.126,151.964,15.999,135.965,535,185,60,125,6.34,3.44,0,3.44,14,6,2,4,33.5532772,13.618054,5.670385,7.947669,120.4,50.4,14,36.4,261.7458,121.5712,28.085,93.4862,714,240,110,130,16.86,13.76,0,13.76,32,24,1.6,22.4,74.49599324,54.472216,4.536308,49.935908,450,411,Ca1.2SiO4Eu0.8
14,8,0.09,7.91,185,63,14,49,430.91847,151.964,28.085,123.879,705,195,100,95,8.54,2.96,0,2.96,22,7,2,5,41.572788,11.81381,5.5769,6.23691,362.54,165.87,5.67,160.2,810.4456777,404.2149177,13.67676,390.5381577,1719.1,800,16.65,783.35,30.601,20.64,0,20.64,71.91,48,0.18,47.82,127.7363697,82.88008,0.51033465,82.36974535,450,423,La2.91BrSi2S8Eu0.09
7.02,2,0.02,1.98,112,63,7,56,250.133,151.964,14.007,137.957,600,185,60,125,9.38,3.44,0,3.44,19,6,2,4,48.0874072,14.53413,5.670385,8.863745,79.26,28,1.26,26.74,159.29928,56.17,3.03928,53.13072,653.7,220,3.7,216.3,17.76,6.88,0,6.88,32.04,12,0.04,11.96,78.8342969,29.06826,0.1134077,28.9548523,450,440,CaSi2N2O2Eu0.02
7,2,0.02,1.98,112,63,7,56,250.133,151.964,14.007,137.957,600,185,60,125,9.38,3.44,0,3.44,19,6,2,4,48.0874072,14.53413,5.670385,8.863745,78.86,28,1.26,26.74,158.49772,56.17,3.03928,53.13072,650.1,220,3.7,216.3,17.74,6.88,0,6.88,32,12,0.04,11.96,78.7120338,29.06826,0.1134077,28.9548523,450,440,Ca0.98Si2N2O2Eu0.02
15,8,0.04,7.96,104,63,7,56,234.134,151.964,14.007,137.957,540,185,65,120,5.94,3.04,0,3.04,13,5,2,3,34.4693532,14.53413,5.670385,8.863745,167.72,70,2.52,67.48,337.11244,140.425,6.07856,134.34644,1430.2,550,7.4,542.6,35.78,24.32,0,24.32,64,40,0.08,39.92,169.2400546,116.27304,0.2268154,116.0462246,450,458,Ca1.96Si5N8Eu0.04
7,2,0.16,1.84,130,63,7,56,297.675,151.964,14.007,137.957,620,200,60,140,9.33,3.44,0,3.44,19,6,2,4,47.6691192,14.53413,5.670385,8.863745,100,31.92,10.08,21.84,214.09704,73.6008,24.31424,49.28656,667.6,220,29.6,190.4,17.558,6.88,0,6.88,32,12,0.32,11.68,78.29868405,29.06826,0.9072616,28.1609984,450,471,Sr0.84Si2O2N2Eu0.16
7,2,0.16,1.84,130,63,7,56,297.675,151.964,14.007,137.957,620,200,60,140,9.33,3.44,0,3.44,19,6,2,4,47.6691192,14.53413,5.670385,8.863745,100,31.92,10.08,21.84,214.09704,73.6008,24.31424,49.28656,667.6,220,29.6,190.4,17.558,6.88,0,6.88,32,12,0.32,11.68,78.29868405,29.06826,0.9072616,28.1609984,450,471,Sr0.84Si2N2O2Eu0.16
8,2,1,1,148,63,7,56,347.382,151.964,14.007,137.957,635,215,60,155,9.27,3.44,0,3.44,19,6,2,4,47.185916,14.53413,5.211664,9.322466,177,63,14,49,405.473,151.964,28.014,123.95,870,220,120,100,17.65,6.88,0,6.88,34,12,2,10,83.489783,29.06826,5.211664,23.856596,450,480,BaSi2O2N2Eu1
8,4,1,3,179,63,8,55,420.995,151.964,15.999,135.965,770,215,60,155,7.18,3.44,0,3.44,16,6,2,4,38.3466532,13.618054,5.211664,8.40639,203,63,14,49,468.992,151.964,28.085,123.879,950,240,110,130,17.5,13.76,0,13.76,34,24,2,22,79.2008152,54.472216,5.211664,49.260552,450,485,SrBaSiO4Eu1
7,2,0.02,1.98,150,63,7,56,337.753,151.964,14.007,137.957,800,200,60,140,10.33,3.44,0,3.44,21,6,2,4,53.7822744,14.53413,5.670385,8.863745,83,28,1.26,26.74,169.43238,56.17,3.03928,53.13072,654.7,220,3.7,216.3,17.7285,6.88,0,6.88,32,12,0.04,11.96,78.61582756,29.06826,0.1134077,28.9548523,450,500,Sr0.23Ca0.75Si2O2N2Eu0.02
6.94,2,0.02,1.98,130,63,7,56,297.675,151.964,14.007,137.957,620,200,60,140,9.33,3.44,0,3.44,19,6,2,4,47.6691192,14.53413,5.670385,8.863745,94.22,34.96,1.26,33.7,199.83168,80.6104,3.03928,77.57112,657.7,220,3.7,216.3,17.634,6.88,0,6.88,31.88,12,0.04,11.96,77.96041952,29.06826,0.1134077,28.9548523,450,500,Sr0.92Si2N2O2Eu0.02
15,8,0.04,7.96,140,63,7,56,331.383,151.964,14.007,137.957,575,215,65,150,5.83,3.04,0,3.04,13,5,2,3,33.567862,14.53413,5.211664,9.322466,238.28,109.76,2.52,107.24,527.72048,269.16092,6.07856,263.08236,1498.8,550,7.4,542.6,35.5644,24.32,0,24.32,64,40,0.08,39.92,167.4731318,116.27304,0.2268154,116.0462246,450,533,Ba1.96Si5N8Eu0.04
7,2,0.08,1.92,130,63,7,56,297.675,151.964,14.007,137.957,620,200,60,140,9.33,3.44,0,3.44,19,6,2,4,47.6691192,14.53413,5.670385,8.863745,98,34.96,5.04,29.92,208.94952,80.6104,12.15712,68.45328,668.8,220,14.8,205.2,17.634,6.88,0,6.88,32,12,0.16,11.84,78.30064262,29.06826,0.4536308,28.6146292,450,537,Sr0.92Si2O2N2Eu0.08
7,2,0.08,1.92,130,63,7,56,297.675,151.964,14.007,137.957,620,200,60,140,9.33,3.44,0,3.44,19,6,2,4,47.6691192,14.53413,5.670385,8.863745,98,34.96,5.04,29.92,208.94952,80.6104,12.15712,68.45328,668.8,220,14.8,205.2,17.634,6.88,0,6.88,32,12,0.16,11.84,78.30064262,29.06826,0.4536308,28.6146292,450,537,Sr0.92Si2N2O2Eu0.08
13.02,7,0.02,6.98,161,63,8,55,370.42164,151.964,15.999,135.965,770,235,60,175,7.38,3.44,0,3.44,16,6,1,5,37.83451,13.618054,4.177128,9.440926,235.26,111,1.26,109.74,516.51152,256.4034,3.03928,253.36412,1528.7,705,3.7,701.3,31.56,24.08,0,24.08,56.04,42,0.04,41.96,130.4917957,95.326378,0.1134077,95.2129703,450,540,Rb3YSi2O7Eu0.02
7,2,0.02,1.98,150,63,7,56,337.753,151.964,14.007,137.957,800,200,60,140,10.33,3.44,0,3.44,21,6,2,4,53.7822744,14.53413,5.670385,8.863745,87.5,28,1.26,26.74,181.31788,56.17,3.03928,53.13072,659.7,220,3.7,216.3,17.716,6.88,0,6.88,32,12,0.04,11.96,78.51125556,29.06826,0.1134077,28.9548523,450,557,Sr0.48Ca0.5Si2O2N2Eu0.02
6.98,2,0.02,1.98,130,63,7,56,297.675,151.964,14.007,137.957,620,200,60,140,9.33,3.44,0,3.44,19,6,2,4,47.6691192,14.53413,5.670385,8.863745,95.74,36.48,1.26,35.22,203.33648,84.1152,3.03928,81.07592,665.7,220,3.7,216.3,17.672,6.88,0,6.88,31.96,12,0.04,11.96,78.18821421,29.06826,0.1134077,28.9548523,450,557,Sr0.96Si2N2O2Eu0.02
7,2,0.02,1.98,186,63,7,56,435.002,151.964,14.007,137.957,835,215,60,155,10.22,3.44,0,3.44,21,6,2,4,52.8807832,14.53413,5.211664,9.322466,101,28,1.26,26.74,217.51563,63.9626,3.03928,60.92332,673.45,220,3.7,216.3,17.676,6.88,0,6.88,32,12,0.04,11.96,78.18131076,29.06826,0.1134077,28.9548523,450,560,Sr0.73Ba0.25Si2O2N2Eu0.02
7,2,0.02,1.98,186,63,7,56,435.002,151.964,14.007,137.957,835,215,60,155,10.22,3.44,0,3.44,21,6,2,4,52.8807832,14.53413,5.211664,9.322466,105.5,28,1.26,26.74,229.94238,68.6635,3.03928,65.62422,677.2,220,3.7,216.3,17.661,6.88,0,6.88,32,12,0.04,11.96,78.06050996,29.06826,0.1134077,28.9548523,450,560,Sr0.48Ba0.5Si2O2N2Eu0.02
7,2,0.02,1.98,186,63,7,56,435.002,151.964,14.007,137.957,835,215,60,155,10.22,3.44,0,3.44,21,6,2,4,52.8807832,14.53413,5.211664,9.322466,101,28,1.26,26.74,217.51563,63.9626,3.03928,60.92332,673.45,220,3.7,216.3,17.676,6.88,0,6.88,32,12,0.04,11.96,78.18131076,29.06826,0.1134077,28.9548523,450,560,Sr0.73Ba0.25Si2N2O2Eu0.02
7,2,0.02,1.98,186,63,7,56,435.002,151.964,14.007,137.957,835,215,60,155,10.22,3.44,0,3.44,21,6,2,4,52.8807832,14.53413,5.211664,9.322466,105.5,28,1.26,26.74,229.94238,68.6635,3.03928,65.62422,677.2,220,3.7,216.3,17.661,6.88,0,6.88,32,12,0.04,11.96,78.06050996,29.06826,0.1134077,28.9548523,450,560,Sr0.48Ba0.5Si2N2O2Eu0.02
15,8,0.04,7.96,122,63,7,56,281.676,151.964,14.007,137.957,560,200,65,135,5.89,3.04,0,3.04,13,5,2,3,34.0510652,14.53413,5.670385,8.863745,203,74.48,2.52,71.96,430.29476,171.7352,6.07856,165.65664,1469.4,550,7.4,542.6,35.682,24.32,0,24.32,64,40,0.08,39.92,168.4202101,116.27304,0.2268154,116.0462246,450,573,Sr1.96Si5N8Eu0.04
7,3,1,2,117,63,7,56,261.1155385,151.964,14.007,137.957,665,185,65,120,7.55,3.04,0,3.04,16,5,2,3,40.4551216,14.53413,5.670385,8.863745,131,63,13,50,289.1295385,151.964,26.9815385,124.9824615,795,195,110,85,13.63,9.12,0,9.12,26,15,2,13,69.5233816,43.60239,5.670385,37.932005,450,590,CaAlSiN3Eu1
7,2,0.02,1.98,130,63,7,56,297.675,151.964,14.007,137.957,620,200,60,140,9.33,3.44,0,3.44,19,6,2,4,47.6691192,14.53413,5.670385,8.863745,96.5,37.24,1.26,35.98,205.08888,85.8676,3.03928,82.82832,669.7,220,3.7,216.3,17.691,6.88,0,6.88,32,12,0.04,11.96,78.30211156,29.06826,0.1134077,28.9548523,450,600,Sr0.98Si2O2N2Eu0.02
7.02,2,0.02,1.98,148,63,7,56,347.382,151.964,14.007,137.957,635,215,60,155,9.27,3.44,0,3.44,19,6,2,4,47.185916,14.53413,5.211664,9.322466,115.26,56,1.26,54.74,256.54828,137.327,3.03928,134.28772,688.7,220,3.7,216.3,17.65,6.88,0,6.88,32.04,12,0.04,11.96,77.9328057,29.06826,0.1134077,28.9548523,450,600,BaSi2N2O2Eu0.02
7,2,0.02,1.98,130,63,7,56,297.675,151.964,14.007,137.957,620,200,60,140,9.33,3.44,0,3.44,19,6,2,4,47.6691192,14.53413,5.670385,8.863745,96.5,37.24,1.26,35.98,205.08888,85.8676,3.03928,82.82832,669.7,220,3.7,216.3,17.691,6.88,0,6.88,32,12,0.04,11.96,78.30211156,29.06826,0.1134077,28.9548523,450,600,Sr0.98Si2N2O2Eu0.02
7,2,0.02,1.98,148,63,7,56,347.382,151.964,14.007,137.957,635,215,60,155,9.27,3.44,0,3.44,19,6,2,4,47.185916,14.53413,5.211664,9.322466,114.14,54.88,1.26,53.62,253.80174,134.58046,3.03928,131.54118,684.4,220,3.7,216.3,17.6322,6.88,0,6.88,32,12,0.04,11.96,77.82857242,29.06826,0.1134077,28.9548523,450,600,Ba0.98Si2N2O2Eu0.02
8,2,1,1,130,63,7,56,297.675,151.964,14.007,137.957,620,200,60,140,9.33,3.44,0,3.44,19,6,2,4,47.6691192,14.53413,5.670385,8.863745,159,63,14,49,355.766,151.964,28.014,123.95,855,220,120,100,17.71,6.88,0,6.88,34,12,2,10,83.9729862,29.06826,5.670385,23.397875,450,610,SrSi2O2N2Eu1
6.008,3,0.008,2.992,155,63,7,56,348.7355385,151.964,14.007,137.957,865,200,65,135,8.5,3.04,0,3.04,18,5,2,3,46.1499888,14.53413,5.670385,8.863745,82.904,30.4,0.504,29.896,176.4148505,70.096,1.215712,68.880288,627.48,195,1.48,193.52,13.59,9.12,0,9.12,24.016,15,0.016,14.984,63.56372928,43.60239,0.04536308,43.55702692,455,540,Sr0.8Ca0.2AlSiN3Eu0.008
15.012,9,0.012,8.988,106,63,8,55,239.014762,151.964,15.999,135.965,525,185,60,125,6.63,3.44,0,3.44,15,6,2,4,35.8882802,13.618054,5.670385,7.947669,182.756,80,0.756,79.244,368.074092,160.312,1.823568,158.488432,1462.22,720,2.22,717.78,39.34,30.96,0,30.96,72.024,54,0.024,53.976,168.0565234,122.562486,0.06804462,122.4944414,460,350,Ca4P2O9Eu0.012
45.56,28,0.06,27.94,136,63,8,55,310.861762,151.964,15.999,135.965,695,200,60,140,7.89,3.44,0,3.44,17,6,2,4,43.1162272,13.618054,5.670385,7.947669,692.78,342,3.78,338.22,1498.943674,788.58,9.11784,779.46216,4416.1,1800,11.1,1788.9,122.165,96.32,0,96.32,224.12,168,0.12,167.88,517.7756944,381.305512,0.3402231,380.9652889,460,382,Sr9Mg1.5P7O28Eu0.06
4,1,0.04,0.96,137,63,8,55,305.481,151.964,15.999,135.965,660,185,60,125,8.67,3.44,0,3.44,28,12,2,10,45.1558032,13.618054,5.670385,7.947669,75.72,30,2.52,27.48,157.99244,65.38,6.07856,59.30144,475.2,172.8,7.4,165.4,8.63,3.44,0,3.44,26,12,0.08,11.92,39.46770739,13.618054,0.2268154,13.3912386,460,393,Ca0.96ZnOSEu0.04
7.05,4,0.05,3.95,140,63,16,47,319.127,151.964,32.06,119.904,550,185,100,85,6.04,2.58,0,2.58,23,12,2,10,31.4238958,10.36001,5.670385,4.689625,159.15,64,3.15,60.85,340.6642,139.446,7.5982,131.8478,804.25,400,9.25,390.75,15.59,10.32,0,10.32,42.1,24,0.1,23.9,63.11636185,41.44004,0.28351925,41.15652075,460,407,ZnGa2S4Eu0.05
13.01,7,0.01,6.99,175,71,8,63,410.1131,174.9668,15.999,158.9678,750,220,60,160,7.16,3.44,0,3.44,15,6,1,5,37.20665654,13.618054,4.34066354,9.27739046,212.63,71,0.63,70.37,461.94434,174.9668,1.51964,173.44716,1476.85,660,1.85,658.15,31.34,24.08,0,24.08,55.02,42,0.02,41.98,130.1343095,95.326378,0.05670385,95.26967415,460,475,K3LuSi2O7Eu0.01
9.3,6,0.3,5.7,177,64,8,56,421.163,157.25,15.999,141.251,570,185,60,125,6.8,3.44,0,3.44,16,6,2,4,32.530665,13.618054,5.670385,7.947669,236.9,128,18.9,109.1,552.0332,314.5,45.5892,268.9108,920.5,360,55.5,304.5,25.2,20.64,0,20.64,46.6,36,0.6,35.4,102.8014615,81.708324,1.7011155,80.0072085,463,428,Gd2MoO6Eu0.3
8.7,6,0.3,5.7,177,64,8,56,421.163,157.25,15.999,141.251,570,185,60,125,6.8,3.44,0,3.44,16,6,2,4,32.530665,13.618054,5.670385,7.947669,198.5,89.6,18.9,70.7,457.6832,220.15,45.5892,174.5608,812.5,360,55.5,304.5,24.48,20.64,0,20.64,45.4,36,0.6,35.4,99.1115839,81.708324,1.7011155,80.0072085,463,430,Gd1.4MoO6Eu0.3
10,6,0.09,5.91,207,74,8,66,487.831,183.84,15.999,167.841,705,185,60,125,8.3,3.44,0,3.44,22,6,2,4,40.3580542,13.618054,5.670385,7.947669,179.47,59.2,5.67,53.53,392.55974,147.072,13.67676,133.39524,1037.45,523.8,16.65,507.15,25.342,20.64,0,20.64,48,36,0.18,35.82,107.7176503,81.708324,0.51033465,81.19798935,465,370,Ca2.91Mo0.2W0.8O6Eu0.09
14.2,9,0.2,8.8,265,83,8,75,645.51128,208.9804,15.999,192.9814,750,200,60,140,7.79,3.44,0,3.44,20,6,2,4,39.8183922,13.618054,5.670385,7.947669,434.6,166,12.6,153.4,1041.86036,417.9608,30.3928,387.568,1387,540,37,503,38.71,30.96,0,30.96,76.4,54,0.4,53.6,159.0616022,122.562486,1.134077,121.428409,465,400,SrBi2Ta2O9Eu0.2
10.7,7,0.3,6.7,244,83,8,75,592.1634,208.9804,15.999,192.9814,745,200,60,140,8.39,3.44,0,3.44,21,6,2,4,41.2784822,13.618054,5.670385,7.947669,281.1,116.2,18.9,97.3,665.37476,292.57256,45.5892,246.98336,1039.5,420,55.5,364.5,29.79,24.08,0,24.08,57.6,42,0.6,41.4,121.9317431,95.326378,1.7011155,93.6252625,465,403,SrBi1.4TeO7Eu0.3
10,6,0.05,5.95,237,63,8,55,561.40684,151.964,15.999,135.965,950,215,60,155,8.34,3.44,0,3.44,20,6,2,4,44.482088,13.618054,5.211664,8.40639,214.3,56,3.15,52.85,490.0907665,137.327,7.5982,129.7288,1064.5,360,9.25,350.75,25.485,20.64,0,20.64,47.95,36,0.1,35.9,106.9066473,81.708324,0.28351925,81.42480475,465,423,BaLa0.95MgNbO6Eu0.05
10,6,0.05,5.95,247,63,8,55,590.26047,151.964,15.999,135.965,950,215,60,155,8.79,3.44,0,3.44,20,6,2,4,46.331627,13.618054,5.211664,8.40639,224.3,56,3.15,52.85,518.9443965,137.327,7.5982,129.7288,1064.5,360,9.25,350.75,25.935,20.64,0,20.64,47.95,36,0.1,35.9,108.7561863,81.708324,0.28351925,81.42480475,465,440,BaLa0.95MgSbO6Eu0.05
10,6,0.4,5.6,247,83,3,80,599.1034,208.9804,6.94,202.0404,890,200,60,140,9.37,3.44,0,3.44,22,6,1,5,46.67019696,13.618054,5.391714761,8.226339239,216,52,3,49,504.32784,127.6,6.94,120.66,1015,360,74,286,25.81,20.64,0,20.64,48.8,36,0.8,35.2,108.4440296,81.708324,2.268154,79.44017,465,450,LiSrBi0.6TeO6Eu0.4
5,3,0.05,2.95,225,83,8,75,531.9378393,208.9804,15.999,192.9814,950,220,60,160,8.69,3.44,0,3.44,20,6,1,5,42.81254524,13.618054,4.34066354,9.27739046,85.8,41,3.15,37.85,186.8902212,92.90637,7.5982,85.30817,522.25,180,8,172,12.8025,10.32,0,10.32,24.25,18,0.1,17.9,52.52669016,40.854162,0.28351925,40.57064275,465,473,K0.45Na0.45NbO3Eu0.05Bi0.05
10,6,0.2,5.8,217,63,8,55,516.24847,151.964,15.999,135.965,785,200,60,140,7.54,3.44,0,3.44,18,6,2,4,39.1685952,13.618054,5.5769,8.041154,233.2,76,12.6,63.4,534.511176,175.24,30.3928,144.8472,1098,400,37,363,25.47,20.64,0,20.64,47.8,36,0.4,35.6,107.3020444,81.708324,1.134077,80.574247,465,503,Sr2La0.8SbO6Eu0.2
10.25,6,0.25,5.75,173,63,8,55,407.488,151.964,15.999,135.965,735,200,60,140,7.8,3.44,0,3.44,18,6,2,4,41.6392012,13.618054,5.670385,7.947669,203.75,76,12,64,461.13,175.24,24.305,150.935,1096.25,400,46.25,353.75,25.95,20.64,0,20.64,48.5,36,0.5,35.5,111.1715497,81.708324,1.41759625,80.29072775,465,510,Sr2MgTeO6Eu0.25
10,6,0.5,5.5,199,63,8,55,468.70647,151.964,15.999,135.965,765,195,60,135,7.59,3.44,0,3.44,18,6,2,4,39.5868832,13.618054,5.5769,8.041154,199,51,28.5,22.5,443.344735,121.76,69.452735,52.307265,1055,360,92.5,267.5,25.24,20.64,0,20.64,47.5,36,1,35,108.1666659,81.708324,2.78845,78.919874,465,610,Ca2La0.5SbO6Eu0.5
